Individual	chr	startPosition	endPosition	referenceAllele	variantAllele	Reseq_PILEUP	Reseq_DEPTH	Clinical_PILEUP	Clinical_DEPTH	WGS_PILEUP	WGS_DEPTH	group
H133671	9	135781440	135781440	G	A	0.0	279.0	0.0756578947368421	306.0	0.0	61.0	Clinical
H133671	X	39922927	39922927	T	-	0.975609756097561	328.0	0.8113207547169812	371.0	0.9696969696969696	66.0	Both
H133671	X	123164962	123164962	A	G	0.9708737864077671	206.0	0.8934911242603549	169.0	0.9487179487179488	39.0	Both
H133675	6	117638326	117638326	G	A	0.0	491.0	0.19184652278177455	417.0	0.0	171.0	Clinical
H133675	4	55561764	55561764	G	A	0.26306306306306304	555.0	0.3758241758241758	455.0	0.2641509433962264	159.0	Both
H133675	17	7577145	7577146	-	TA	0.06017191977077364	349.0	0.0	641.0	0.038461538461538464	78.0	Reseq
H134753	22	24176339	24176339	G	A	0.2988505747126437	261.0	0.8440677966101695	295.0	0.3363636363636364	110.0	Both
H134753	7	148543573	148543574	CG	-	0.0	460.0	0.09375	480.0	0.0	106.0	Clinical
H134753	X	63411096	63411096	T	A	0.24705882352941175	680.0	0.4	425.0	0.31343283582089554	134.0	Both
H134753	X	76920147	76920147	G	T	0.2573099415204678	513.0	0.4005891016200295	679.0	0.21568627450980396	102.0	Both
H134753	13	21563088	21563088	G	C	0.14486638537271448	712.0	0.0	617.0	0.16312056737588654	141.0	Reseq
H134757	15	43772163	43772163	C	A	0.0	471.0	0.07142857142857142	672.0	0.0	69.0	Clinical
H135074	9	36840564	36840564	C	T	0.1725067385444744	371.0	0.19369369369369369	888.0	0.13953488372093026	86.0	Both
H135074	19	15355374	15355374	G	A	0.13135593220338984	472.0	0.12985436893203886	825.0	0.0625	112.0	Both
H135074	4	55569942	55569942	A	G	0.04197530864197531	405.0	0.08849557522123894	339.0	0.012987012987012988	77.0	Clinical
H135088	2	29443695	29443695	G	C	0.37969094922737306	453.0	0.5316901408450704	569.0	0.3592233009708738	103.0	Both
H135088	13	32914127	32914127	G	T	0.3099236641221374	655.0	0.4523326572008114	493.0	0.44954128440366975	109.0	Both
H135088	19	36224189	36224189	G	A	0.15625	224.0	0.16638935108153075	601.0	0.16806722689075632	119.0	Both
H135088	1	40363415	40363415	C	A	0.0033003300330033004	607.0	0.10025380710659898	789.0	0.0	100.0	Clinical
H135088	7	50444390	50444390	T	G	0.0012853470437017994	778.0	0.06342780026990552	741.0	0.007194244604316547	139.0	Clinical
H135420	5	31421465	31421465	C	T	0.4530831099195711	373.0	0.369098712446352	466.0	0.5277777777777778	108.0	Both
H135420	19	1220716	1220716	T	A	0.0	457.0	0.0836940836940837	693.0	0.0	170.0	Clinical
H135467	2	29443695	29443695	G	T	0.0	552.0	0.03231017770597738	619.0	0.0	157.0	Clinical
H135467	2	29432664	29432664	C	A	0.4411177644710579	501.0	0.14821763602251406	533.0	0.4775280898876405	178.0	Both
H135967	17	7577120	7577120	C	T	0.6633663366336634	404.0	0.629976580796253	428.0	0.625	88.0	Both
H135967	3	178916946	178916946	G	T	0.0	463.0	0.10344827586206896	407.0	0.0	109.0	Clinical
H135967	11	108114791	108114791	A	G	0.0	315.0	0.16751269035532995	591.0	0.0	71.0	Clinical
H135967	15	43701885	43701885	G	A	0.0	249.0	0.16901408450704225	213.0	0.0	63.0	Clinical
H135967	X	48650563	48650563	G	C	0.0	368.0	0.13545816733067728	251.0	0.0	63.0	Clinical
H135973	13	32914808	32914808	C	G	0.0	576.0	0.2192393736017897	447.0	0.0	106.0	Clinical
H136083	7	140453136	140453136	A	T	0.0	396.0	0.032679738562091505	307.0	0.0	84.0	Clinical
H136083	2	29432664	29432664	C	T	0.0	391.0	0.04455445544554455	404.0	0.0	77.0	Clinical
H136424	17	7578556	7578556	T	G	0.0	424.0	0.3858695652173913	552.0	0.0	143.0	Clinical
H136424	X	39921431	39921431	G	-	0.0	278.0	0.3656174334140436	413.0	0.0	71.0	Clinical
H136424	17	78897301	78897301	C	T	0.07918968692449356	543.0	0.002304147465437788	434.0	0.05161290322580645	155.0	Reseq
H158273	9	135797309	135797309	A	G	0.0	463.0	0.08759124087591241	275.0	0.0	129.0	Clinical
H158273	X	76938358	76938358	G	T	0.3622704507512521	599.0	0.4326018808777429	638.0	0.4433962264150944	106.0	Both
H134738	17	7577114	7577114	C	T	0.8427299703264095	337.0	0.7127071823204421	543.0	0.8387096774193549	62.0	Both
H134738	20	40899060	40899060	G	T	0.2248062015503876	258.0	0.27255985267034993	543.0	0.16	75.0	Both
H134738	6	138192627	138192627	A	T	0.13131313131313133	396.0	0.11917098445595856	386.0	0.14634146341463414	82.0	Both
H134738	8	55371939	55371939	G	A	0.4033333333333333	300.0	0.3744493392070485	227.0	0.5	82.0	Both
H159370	17	7577538	7577538	C	T	0.8099762470308789	421.0	0.7828282828282829	595.0	0.7192982456140351	57.0	Both
H159370	6	161990392	161990392	C	A	0.0	634.0	0.25569620253164554	395.0	0.0	115.0	Clinical
H159370	8	90965531	90965531	C	A	0.28058510638297873	752.0	0.2545454545454545	330.0	0.24175824175824176	91.0	Both
H159370	4	55127295	55127295	C	A	0.06683322923173017	1601.0	0.006906077348066298	1448.0	0.08333333333333333	216.0	Reseq
H195921	17	7577120	7577120	C	T	0.0	631.0	0.05439330543933055	479.0	0.0	77.0	Clinical
H195921	17	7578508	7578508	C	T	0.0	663.0	0.030195381882770867	563.0	0.010416666666666666	96.0	Clinical
H195921	17	7577547	7577547	C	T	0.0	442.0	0.05097087378640777	412.0	0.0	78.0	Clinical
H195921	17	7578508	7578509	-	T	0.6998491704374057	663.0	0.3872113676731794	563.0	0.5729166666666666	96.0	Both
H195989	2	29451797	29451797	C	T	0.0	305.0	0.06315789473684211	380.0	0.0	150.0	Clinical
H195989	15	43708597	43708597	T	A	0.0	554.0	0.2195121951219512	410.0	0.0	155.0	Clinical
H195989	17	58740498	58740498	C	G	0.19712070874861573	903.0	0.0	661.0	0.2054263565891473	258.0	Reseq
H195991	16	9858225	9858225	G	T	0.0	990.0	0.05590062111801242	161.0	0.0	86.0	Clinical
H195991	16	10274028	10274028	T	C	0.0	796.0	0.08900523560209424	191.0	0.0	101.0	Clinical
H195991	9	135782210	135782210	C	T	0.0	388.0	0.08771929824561403	171.0	0.0	62.0	Clinical
H195991	4	55971014	55971014	C	T	0.14925373134328354	805.0	0.0	180.0	0.10909090909090907	110.0	Reseq
H195991	6	29910765	29910769	TGGGG	-	0.18034557235421167	926.0	0.0	98.0	0.1111111111111111	72.0	Reseq
H196227	19	11141426	11141426	C	T	0.008379888268156423	359.0	0.030181086519114688	497.0	0.0	62.0	Clinical
H196227	16	72831869	72831869	T	A	0.374	500.0	0.3324360699865411	743.0	0.32432432432432434	74.0	Both
H195920	X	20156731	20156731	C	G	0.5576923076923077	260.0	0.7488372093023256	216.0	0.5079365079365079	63.0	Both
H195920	19	10277314	10277314	G	A	0.0	493.0	0.0925925925925926	864.0	0.0	87.0	Clinical
H195920	19	11136127	11136127	C	G	0.0	580.0	0.07239819004524888	885.0	0.0	117.0	Clinical
H196388	17	56435252	56435252	C	T	0.0053475935828877	748.0	0.10474090407938258	907.0	0.017441860465116282	172.0	Clinical
H196388	X	70360550	70360550	G	A	0.2400756143667297	529.0	0.268025078369906	638.0	0.25	96.0	Both
H196388	1	9780805	9780807	GCA	-	0.0	354.0	0.0562015503875969	516.0	0.0	81.0	Clinical
H196388	2	61721090	61721090	G	T	0.0964467005076142	394.0	0.0	580.0	0.07692307692307693	104.0	Reseq
H196445	4	84393376	84393377	-	TTAA	0.0	256.0	0.05434782608695652	92.0	0.0	102.0	Clinical
H196445	8	90996773	90996773	G	C	0.09397163120567376	564.0	0.0	319.0	0.07246376811594203	207.0	Reseq
H136574	13	49281117	49281117	G	A	0.0	467.0	0.17829457364341084	129.0	0.0	80.0	Clinical
H136574	19	41743967	41743967	C	T	0.0	756.0	0.09166666666666666	240.0	0.0	119.0	Clinical
H136574	16	9858585	9858585	C	G	0.0	476.0	0.14705882352941174	102.0	0.0	90.0	Clinical
H136574	19	2211212	2211212	G	T	0.0	695.0	0.07602339181286549	342.0	0.0	143.0	Clinical
H136574	19	36210805	36210805	A	C	0.0	735.0	0.0948905109489051	275.0	0.0	147.0	Clinical
H136574	2	47702202	47702202	G	T	0.012084592145015106	331.0	0.4545454545454545	88.0	0.030927835051546393	97.0	Clinical
H136574	2	212295688	212295688	G	T	0.0	386.0	0.14035087719298245	115.0	0.0	66.0	Clinical
H136574	3	30713665	30713665	G	T	0.0	723.0	0.22826086956521735	92.0	0.0	126.0	Clinical
H196807	16	68846146	68846146	C	T	0.4123711340206185	291.0	0.3553459119496855	636.0	0.3387096774193548	62.0	Both
H196807	5	251512	251512	G	A	0.0	643.0	0.1176470588235294	204.0	0.0	95.0	Clinical
H196899	12	56487283	56487283	C	T	0.3975659229208925	493.0	0.4310344827586207	348.0	0.4705882352941176	85.0	Both
H196899	7	140476748	140476755	AGTTTGAT	-	0.0	340.0	0.06415094339622641	265.0	0.0	107.0	Clinical
H196899	5	1264612	1264612	G	A	0.3078579117330463	929.0	0.00851063829787234	706.0	0.3016759776536313	179.0	Reseq
