Individual ID	Locus	Variant Type	Level	Called Denovo	Effective Local Coverage	Effective Global Coverage	WGS VAF	MSK-IMPACT Depth	MSK-IMPACT VAF	Read Support
IID_H108333	3:178917478	SNP	100x	True	94.90604	90.42934	0.33962264150943394	355.0	0.2704225352112676	36.0
IID_H108333	3:178917478	SNP	30x	True	30.441560000000003	29.54622	0.20588235294117646	355.0	0.2704225352112676	7.0
IID_H108333	3:178917478	SNP	60x	True	56.406420000000004	53.7204	0.25396825396825395	355.0	0.2704225352112676	16.0
IID_H108333	3:178917478	SNP	80x	True	70.73186	71.6272	0.27848101265822783	355.0	0.2704225352112676	22.0
IID_H133671	X:123164962	SNP	30x	True	8.38953	29.82944	1.0	207.0	0.9710144927536232	9.0
IID_H133671	X:39922927	DEL	30x	True	25.168590000000002	29.82944	0.9629629629629629	328.0	0.9817073170731707	26.0
IID_H133671	X:123164962	SNP	60x	True	20.507740000000002	55.930200000000006	0.9545454545454546	207.0	0.9710144927536232	21.0
IID_H133671	X:39922927	DEL	60x	True	42.87982	55.930200000000006	0.9565217391304348	328.0	0.9817073170731707	44.0
IID_H133671	X:123164962	SNP	80x	True	27.965100000000003	74.5736	0.9333333333333333	207.0	0.9710144927536232	28.0
IID_H133671	X:39922927	DEL	80x	True	54.06586	74.5736	0.9655172413793104	328.0	0.9817073170731707	56.0
IID_H133672	17:29665752	DEL	100x	True	121.5449	86.45095	0.461	885.0	0.42033898305084744	65.462
IID_H133672	16:72991902	SNP	100x	True	96.72235	86.45095	0.39823008849557523	672.0	0.27380952380952384	45.0
IID_H133672	17:29663442	DEL	100x	True	117.26515	86.45095	0.5813953488372093	908.0	0.43942731277533037	79.65116279069768
IID_H133672	9:133738201	DEL	100x	True	90.7307	86.45095	0.5555555555555556	382.0	0.3900523560209424	58.88888888888889
IID_H133672	17:29665752	DEL	30x	True	44.5094	27.3904	0.3269230769230769	885.0	0.42033898305084744	17.0
IID_H133672	16:72991902	SNP	30x	True	25.6785	27.3904	0.4666666666666667	672.0	0.27380952380952384	14.0
IID_H133672	17:29663442	DEL	30x	True	36.80585	27.3904	0.5813953488372093	908.0	0.43942731277533037	25.0
IID_H133672	9:133738201	DEL	30x	True	30.8142	27.3904	0.5555555555555556	382.0	0.3900523560209424	20.0
IID_H133672	17:29665752	DEL	60x	True	78.7474	51.357	0.41304347826086957	885.0	0.42033898305084744	38.0
IID_H133672	16:72991902	SNP	60x	True	59.06055	51.357	0.391304347826087	672.0	0.27380952380952384	27.0
IID_H133672	17:29663442	DEL	60x	True	70.1879	51.357	0.5	908.0	0.43942731277533037	41.0
IID_H133672	9:133738201	DEL	60x	True	54.7808	51.357	0.421875	382.0	0.3900523560209424	27.0
IID_H133672	17:29665752	DEL	80x	True	95.8664	68.476	0.41964285714285715	885.0	0.42033898305084744	47.0
IID_H133672	16:72991902	SNP	80x	True	83.02715	68.476	0.4020618556701031	672.0	0.27380952380952384	39.0
IID_H133672	17:29663442	DEL	80x	True	98.43424999999999	68.476	0.4956521739130435	908.0	0.43942731277533037	57.0
IID_H133672	9:133738201	DEL	80x	True	71.8998	68.476	0.39285714285714285	382.0	0.3900523560209424	33.0
IID_H133673	6:117677952	SNP	100x	True	44.15152	77.26516	0.4107142857142857	273.0	0.4139194139194139	23.0
IID_H133673	9:139397637	INS	100x	True	89.09146	77.26516	0.191	1244.0	0.13344051446945338	21.583000000000002
IID_H133673	16:3808875	DEL	100x	True	60.70834	77.26516	0.28	524.0	0.2385496183206107	21.560000000000002
IID_H133673	6:117677952	SNP	30x	True	10.249460000000001	25.22944	0.46153846153846156	273.0	0.4139194139194139	6.0
IID_H133673	9:139397637	INS	30x	True	33.113640000000004	25.22944	0.414	1244.0	0.13344051446945338	17.387999999999998
IID_H133673	16:3808875	DEL	30x	True	23.6526	25.22944	0.3333333333333333	524.0	0.2385496183206107	10.0
IID_H133673	6:117677952	SNP	60x	True	24.44102	47.3052	0.45161290322580644	273.0	0.4139194139194139	14.0
IID_H133673	9:139397637	INS	60x	True	53.61256	47.3052	0.19	1244.0	0.13344051446945338	12.92
IID_H133673	16:3808875	DEL	60x	True	37.84416	47.3052	0.2708333333333333	524.0	0.2385496183206107	13.0
IID_H133673	6:117677952	SNP	80x	True	33.90206	63.86202	0.4418604651162791	273.0	0.4139194139194139	19.0
IID_H133673	9:139397637	INS	80x	True	73.32306	63.86202	0.177	1244.0	0.13344051446945338	16.461
IID_H133673	16:3808875	DEL	80x	True	48.09362	63.86202	0.3114754098360656	524.0	0.2385496183206107	19.0
IID_H133674	3:41266103	SNP	100x	True	83.03184	85.7394	0.4782608695652174	216.0	0.35648148148148145	44.0
IID_H133674	19:10277303	SNP	100x	True	85.7394	85.7394	0.4631578947368421	687.0	0.42503639010189226	44.0
IID_H133674	3:41266103	SNP	30x	True	27.97812	28.88064	0.5161290322580645	216.0	0.35648148148148145	16.0
IID_H133674	19:10277303	SNP	30x	True	33.39324	28.88064	0.4864864864864865	687.0	0.42503639010189226	18.0
IID_H133674	3:41266103	SNP	60x	True	51.44364	54.1512	0.5263157894736842	216.0	0.35648148148148145	30.0
IID_H133674	19:10277303	SNP	60x	True	60.46884	54.1512	0.4925373134328358	687.0	0.42503639010189226	33.0
IID_H133674	3:41266103	SNP	80x	True	70.39656	72.2016	0.5	216.0	0.35648148148148145	39.0
IID_H133674	19:10277303	SNP	80x	True	75.81168	72.2016	0.47619047619047616	687.0	0.42503639010189226	40.0
IID_H133675	4:55561764	SNP	100x	True	57.24072973022201	49.774547591497395	0.30434782608695654	560.0	0.2642857142857143	35.0
IID_H133675	17:7577145	INS	100x	False	24.389528319833726	49.774547591497395	0.0	352.0	0.05965909090909091	0.0
IID_H133675	4:55561764	SNP	30x	True	18.416582608854036	15.927855229279167	0.35135135135135137	560.0	0.2642857142857143	13.0
IID_H133675	17:7577145	INS	30x	False	8.959418566469532	15.927855229279167	0.0	352.0	0.05965909090909091	0.0
IID_H133675	4:55561764	SNP	60x	True	35.33992878996315	29.864728554898438	0.3380281690140845	560.0	0.2642857142857143	24.0
IID_H133675	17:7577145	INS	60x	False	12.941382373789324	29.864728554898438	0.0	352.0	0.05965909090909091	0.0
IID_H133675	4:55561764	SNP	80x	True	45.294838308262634	39.81963807319792	0.2967032967032967	560.0	0.2642857142857143	27.0
IID_H133675	17:7577145	INS	80x	False	19.90981903659896	39.81963807319792	0.0	352.0	0.05965909090909091	0.0
IID_H134202	6:157470066	SNP	30x	True	36.37602	29.27826	0.4146341463414634	299.0	0.48494983277591974	17.0
IID_H134202	17:29556079	SNP	30x	True	13.308300000000001	29.27826	1.0	91.0	0.967032967032967	15.0
IID_H134202	6:157470066	SNP	60x	True	64.76706	53.233200000000004	0.4931506849315068	299.0	0.48494983277591974	36.0
IID_H134202	17:29556079	SNP	60x	True	23.95494	53.233200000000004	0.9629629629629629	91.0	0.967032967032967	26.0
IID_H134733	19:15383847	SNP	30x	True	14.6568	10.076550000000001	0.10416666666666667	657.0	0.1187214611872146	5.0
IID_H134733	19:15383847	SNP	60x	True	25.6494	18.321	0.10714285714285714	657.0	0.1187214611872146	9.0
IID_H134738	17:7577114	SNP	30x	True	14.73696	29.47392	0.8235294117647058	692.0	0.7023121387283237	14.0
IID_H134738	20:40899060	SNP	30x	True	21.672	29.47392	0.2	698.0	0.2679083094555874	5.0
IID_H134738	6:138192627	SNP	30x	True	28.607039999999998	29.47392	0.18181818181818182	488.0	0.10860655737704918	6.0
IID_H134738	8:55371939	SNP	30x	True	32.94144	29.47392	0.39473684210526316	353.0	0.3654390934844193	15.0
IID_H134738	17:7577114	SNP	60x	True	32.07456	52.0128	0.8918918918918919	692.0	0.7023121387283237	33.0
IID_H134738	20:40899060	SNP	60x	True	43.344	52.0128	0.14	698.0	0.2679083094555874	7.000000000000001
IID_H134738	6:138192627	SNP	60x	True	51.14592	52.0128	0.11864406779661017	488.0	0.10860655737704918	7.0
IID_H134738	8:55371939	SNP	60x	True	47.678399999999996	52.0128	0.45454545454545453	353.0	0.3654390934844193	25.0
IID_H134738	17:7577114	SNP	80x	True	48.54528	69.3504	0.8392857142857143	692.0	0.7023121387283237	47.0
IID_H134738	20:40899060	SNP	80x	True	59.81472	69.3504	0.15942028985507245	698.0	0.2679083094555874	10.999999999999998
IID_H134738	6:138192627	SNP	80x	True	65.016	69.3504	0.14666666666666667	488.0	0.10860655737704918	11.0
IID_H134738	8:55371939	SNP	80x	True	59.81472	69.3504	0.4782608695652174	353.0	0.3654390934844193	33.0
IID_H134753	13:21563088	SNP	100x	True	74.71308	55.6374	0.16312056737588654	721.0	0.14563106796116504	23.000000000000004
IID_H134753	22:24176339	SNP	100x	True	58.2868	55.6374	0.33636363636363636	264.0	0.29924242424242425	37.0
IID_H134753	X:76920147	SNP	100x	True	54.047760000000004	55.6374	0.21568627450980393	520.0	0.25576923076923075	22.0
IID_H134753	X:63411096	SNP	100x	True	71.00392000000001	55.6374	0.31343283582089554	689.0	0.24963715529753266	42.0
IID_H134753	13:21563088	SNP	30x	True	23.8446	17.48604	0.17777777777777778	721.0	0.14563106796116504	8.0
IID_H134753	22:24176339	SNP	30x	True	19.075680000000002	17.48604	0.3333333333333333	264.0	0.29924242424242425	12.0
IID_H134753	X:76920147	SNP	30x	True	16.426280000000002	17.48604	0.12903225806451613	520.0	0.25576923076923075	4.0
IID_H134753	X:63411096	SNP	30x	True	22.25496	17.48604	0.2857142857142857	689.0	0.24963715529753266	12.0
IID_H134753	13:21563088	SNP	60x	True	43.98004	31.7928	0.14457831325301204	721.0	0.14563106796116504	12.0
IID_H134753	22:24176339	SNP	60x	True	30.733040000000003	31.7928	0.3103448275862069	264.0	0.29924242424242425	18.0
IID_H134753	X:76920147	SNP	60x	True	32.852560000000004	31.7928	0.16129032258064516	520.0	0.25576923076923075	10.0
IID_H134753	X:63411096	SNP	60x	True	40.800760000000004	31.7928	0.2987012987012987	689.0	0.24963715529753266	23.0
IID_H134753	13:21563088	SNP	80x	True	55.6374	42.3904	0.13333333333333333	721.0	0.14563106796116504	14.0
IID_H134753	22:24176339	SNP	80x	True	41.33064	42.3904	0.34615384615384615	264.0	0.29924242424242425	27.0
IID_H134753	X:76920147	SNP	80x	True	39.21112	42.3904	0.20270270270270271	520.0	0.25576923076923075	15.0
IID_H134753	X:63411096	SNP	80x	True	56.167280000000005	42.3904	0.2830188679245283	689.0	0.24963715529753266	30.0
IID_H135062	6:157099403	DEL	30x	True	13.46026	20.19039	0.09090909090909091	297.0	0.04713804713804714	2.0
IID_H135062	6:157099403	DEL	60x	True	33.03882	36.7098	0.18518518518518517	297.0	0.04713804713804714	10.0
IID_H135062	6:157099403	DEL	80x	True	44.05176	48.9464	0.16666666666666666	297.0	0.04713804713804714	12.0
IID_H135066	22:24145576	SNP	30x	True	16.8	19.2	0.10714285714285714	533.0	0.058161350844277676	3.0
IID_H135066	22:24145576	SNP	60x	True	31.799999999999997	36.0	0.07547169811320754	533.0	0.058161350844277676	4.0
IID_H135066	22:24145576	SNP	80x	True	41.4	46.199999999999996	0.057971014492753624	533.0	0.058161350844277676	4.0
IID_H135073	2:16085893	SNP	100x	True	110.96104000000001	69.51776000000001	0.1686746987951807	1560.0	0.19487179487179487	27.999999999999996
IID_H135073	11:108186757	SNP	100x	True	75.53372	69.51776000000001	0.34513274336283184	288.0	0.3680555555555556	39.0
IID_H135073	2:16085893	SNP	30x	True	36.09576	22.05852	0.18518518518518517	1560.0	0.19487179487179487	10.0
IID_H135073	11:108186757	SNP	30x	True	20.72164	22.05852	0.3225806451612903	288.0	0.3680555555555556	10.0
IID_H135073	2:16085893	SNP	60x	True	62.833360000000006	40.1064	0.18085106382978725	1560.0	0.19487179487179487	17.0
IID_H135073	11:108186757	SNP	60x	True	38.76952	40.1064	0.3275862068965517	288.0	0.3680555555555556	19.0
IID_H135073	2:16085893	SNP	80x	True	80.88124	53.4752	0.18181818181818182	1560.0	0.19487179487179487	22.0
IID_H135073	11:108186757	SNP	80x	True	54.143640000000005	53.4752	0.32098765432098764	288.0	0.3680555555555556	26.0
IID_H135074	1:117699439	SNP	30x	True	19.02974	13.23808	0.13043478260869565	766.0	0.1409921671018277	6.0
IID_H135074	9:36840564	SNP	30x	True	18.61605	13.23808	0.13333333333333333	376.0	0.17287234042553193	6.0
IID_H135074	19:15355374	SNP	30x	False	18.20236	13.23808	0.09090909090909091	481.0	0.13097713097713098	4.0
IID_H135074	1:117699439	SNP	60x	True	31.44044	24.8214	0.11842105263157894	766.0	0.1409921671018277	9.0
IID_H135074	9:36840564	SNP	60x	True	27.30354	24.8214	0.09090909090909091	376.0	0.17287234042553193	6.0
IID_H135074	19:15355374	SNP	60x	True	33.92258	24.8214	0.07317073170731707	481.0	0.13097713097713098	6.0
IID_H135074	1:117699439	SNP	80x	True	42.19638	33.50889	0.12745098039215685	766.0	0.1409921671018277	13.0
IID_H135074	9:36840564	SNP	80x	True	35.57734	33.50889	0.13953488372093023	376.0	0.17287234042553193	12.0
IID_H135074	19:15355374	SNP	80x	True	46.33328	33.50889	0.0625	481.0	0.13097713097713098	7.0
IID_H135088	2:29443695	SNP	30x	True	15.028200000000002	14.5728	0.3333333333333333	460.0	0.3804347826086957	11.0
IID_H135088	13:32914127	SNP	30x	True	20.9484	14.5728	0.45652173913043476	667.0	0.3103448275862069	21.0
IID_H135088	19:36224189	SNP	30x	True	17.7606	14.5728	0.10256410256410256	254.0	0.15748031496062992	4.0
IID_H135088	2:29443695	SNP	60x	True	32.333400000000005	26.8686	0.36619718309859156	460.0	0.3804347826086957	26.0
IID_H135088	13:32914127	SNP	60x	True	36.8874	26.8686	0.4444444444444444	667.0	0.3103448275862069	36.0
IID_H135088	19:36224189	SNP	60x	True	34.155	26.8686	0.17333333333333334	254.0	0.15748031496062992	13.0
IID_H135088	2:29443695	SNP	80x	True	41.8968	36.432	0.3804347826086957	460.0	0.3804347826086957	35.0
IID_H135088	13:32914127	SNP	80x	True	46.906200000000005	36.432	0.4368932038834951	667.0	0.3103448275862069	45.0
IID_H135088	19:36224189	SNP	80x	True	50.094	36.432	0.16363636363636364	254.0	0.15748031496062992	18.0
IID_H135089	7:140481402	SNP	100x	True	48.9505802012406	48.9505802012406	0.22	554.0	0.1624548736462094	22.0
IID_H135089	19:5244134	SNP	100x	True	46.01354538916617	48.9505802012406	0.1702127659574468	758.0	0.23614775725593667	16.0
IID_H135089	X:76875919	DEL	100x	True	18.60122047647143	48.9505802012406	0.5263157894736842	249.0	0.3895582329317269	20.0
IID_H135089	7:140481402	SNP	30x	True	16.643197268421805	16.643197268421805	0.14705882352941177	554.0	0.1624548736462094	5.0
IID_H135089	19:5244134	SNP	30x	True	16.1536914664094	16.643197268421805	0.15151515151515152	758.0	0.23614775725593667	5.0
IID_H135089	X:76875919	DEL	30x	True	4.89505802012406	16.643197268421805	0.3	249.0	0.3895582329317269	3.0
IID_H135089	7:140481402	SNP	60x	True	30.349359724769172	29.37034812074436	0.16129032258064516	554.0	0.1624548736462094	10.0
IID_H135089	19:5244134	SNP	60x	True	23.496278496595487	29.37034812074436	0.22916666666666666	758.0	0.23614775725593667	11.0
IID_H135089	X:76875919	DEL	60x	True	11.258633446285339	29.37034812074436	0.5652173913043478	249.0	0.3895582329317269	12.999999999999998
IID_H135089	7:140481402	SNP	80x	True	38.67095835898007	39.16046416099248	0.20253164556962025	554.0	0.1624548736462094	16.0
IID_H135089	19:5244134	SNP	80x	True	35.244417744893234	39.16046416099248	0.19444444444444445	758.0	0.23614775725593667	14.0
IID_H135089	X:76875919	DEL	80x	True	16.1536914664094	39.16046416099248	0.5151515151515151	249.0	0.3895582329317269	17.0
IID_H135387	8:90976730	SNP	100x	True	60.742000000000004	54.1156	0.3181818181818182	557.0	0.362657091561939	35.0
IID_H135387	8:90976730	SNP	30x	True	19.8792	18.2226	0.3055555555555556	557.0	0.362657091561939	11.0
IID_H135387	8:90976730	SNP	60x	True	39.2062	33.132000000000005	0.323943661971831	557.0	0.362657091561939	23.0
IID_H135387	8:90976730	SNP	80x	True	48.5936	44.176	0.3181818181818182	557.0	0.362657091561939	28.0
IID_H135420	5:31421465	SNP	100x	True	90.49572391141174	97.3072300122707	0.5161290322580645	383.0	0.45430809399477806	48.0
IID_H135420	5:31421465	SNP	30x	True	26.272952103313088	33.08445820417204	0.5555555555555556	383.0	0.45430809399477806	15.0
IID_H135420	5:31421465	SNP	60x	True	44.76132580564452	58.384338007362416	0.6304347826086957	383.0	0.45430809399477806	29.0
IID_H135420	5:31421465	SNP	80x	True	68.11506100858949	77.84578400981655	0.5714285714285714	383.0	0.45430809399477806	40.0
IID_H135421	20:39751865	SNP	100x	True	105.9060590759551	85.4081121580283	0.20161290322580644	626.0	0.1645367412140575	25.0
IID_H135421	20:39751865	SNP	30x	True	35.017325984791604	28.18467701214934	0.21951219512195122	626.0	0.1645367412140575	9.0
IID_H135421	20:39751865	SNP	60x	True	60.6397596322001	51.244867294816984	0.2112676056338028	626.0	0.1645367412140575	15.0
IID_H135421	20:39751865	SNP	80x	True	87.11627440118887	68.32648972642264	0.19607843137254902	626.0	0.1645367412140575	20.0
IID_H135462	22:29091782	SNP	100x	True	29.568	23.1	0.078125	630.0	0.07301587301587302	10.0
IID_H135462	3:149374828	SNP	100x	True	59.829	23.1	0.7297297297297297	463.0	0.5658747300215983	189.0
IID_H135462	16:3779700	INS	100x	True	25.41	23.1	0.09090909090909091	652.0	0.09662576687116564	10.0
IID_H135462	5:86676324	SNP	100x	True	25.41	23.1	0.3181818181818182	177.0	0.20903954802259886	35.0
IID_H135462	7:6426879	INS	100x	True	34.881	23.1	0.5033112582781457	469.0	0.3624733475479744	76.0
IID_H135462	12:49448692	SNP	100x	True	45.507000000000005	23.1	0.06598984771573604	613.0	0.0636215334420881	13.0
IID_H135462	12:56495808	SNP	100x	True	38.808	23.1	0.2916666666666667	429.0	0.289044289044289	49.0
IID_H135462	16:23649216	DEL	100x	True	30.492	23.1	0.09848484848484848	531.0	0.07344632768361582	13.0
IID_H135462	4:55573382	SNP	100x	True	30.492	23.1	0.12878787878787878	333.0	0.07207207207207207	17.0
IID_H135462	4:106155964	SNP	100x	True	21.945	23.1	0.11578947368421053	300.0	0.1	11.0
IID_H135462	X:70344845	SNP	100x	True	18.018	23.1	0.14102564102564102	413.0	0.13559322033898305	11.0
IID_H135462	X:70344991	DEL	100x	True	21.483	23.1	0.12903225806451613	446.0	0.09641255605381166	12.0
IID_H135462	22:29091782	SNP	30x	True	11.781	9.009	0.09803921568627451	630.0	0.07301587301587302	5.0
IID_H135462	3:149374828	SNP	30x	True	28.875	9.009	0.728	463.0	0.5658747300215983	91.0
IID_H135462	16:3779700	INS	30x	False	8.085	9.009	0.05714285714285714	652.0	0.09662576687116564	2.0
IID_H135462	5:86676324	SNP	30x	True	9.702	9.009	0.23809523809523808	177.0	0.20903954802259886	10.0
IID_H135462	7:6426879	INS	30x	True	14.091000000000001	9.009	0.39344262295081966	469.0	0.3624733475479744	24.0
IID_H135462	12:49448692	SNP	30x	True	20.097	9.009	0.04597701149425287	613.0	0.0636215334420881	4.0
IID_H135462	12:56495808	SNP	30x	True	12.936	9.009	0.2857142857142857	429.0	0.289044289044289	16.0
IID_H135462	16:23649216	DEL	30x	True	10.857000000000001	9.009	0.0851063829787234	531.0	0.07344632768361582	4.0
IID_H135462	4:55573382	SNP	30x	True	13.167	9.009	0.17543859649122806	333.0	0.07207207207207207	10.0
IID_H135462	4:106155964	SNP	30x	True	7.392	9.009	0.15625	300.0	0.1	5.0
IID_H135462	X:70344845	SNP	30x	True	5.313000000000001	9.009	0.17391304347826086	413.0	0.13559322033898305	4.0
IID_H135462	X:70344991	DEL	30x	True	7.1610000000000005	9.009	0.12903225806451613	446.0	0.09641255605381166	4.0
IID_H135462	22:29091782	SNP	60x	True	18.711000000000002	13.860000000000001	0.06172839506172839	630.0	0.07301587301587302	5.0
IID_H135462	3:149374828	SNP	60x	True	39.501000000000005	13.860000000000001	0.7251461988304093	463.0	0.5658747300215983	124.0
IID_H135462	16:3779700	INS	60x	False	14.322000000000001	13.860000000000001	0.03225806451612903	652.0	0.09662576687116564	2.0
IID_H135462	5:86676324	SNP	60x	True	15.246	13.860000000000001	0.2878787878787879	177.0	0.20903954802259886	19.0
IID_H135462	7:6426879	INS	60x	True	20.559	13.860000000000001	0.42696629213483145	469.0	0.3624733475479744	38.0
IID_H135462	12:49448692	SNP	60x	True	26.565	13.860000000000001	0.06956521739130435	613.0	0.0636215334420881	8.0
IID_H135462	12:56495808	SNP	60x	True	24.255000000000003	13.860000000000001	0.3047619047619048	429.0	0.289044289044289	32.0
IID_H135462	16:23649216	DEL	60x	True	19.173000000000002	13.860000000000001	0.0963855421686747	531.0	0.07344632768361582	8.0
IID_H135462	4:55573382	SNP	60x	True	16.632	13.860000000000001	0.125	333.0	0.07207207207207207	9.0
IID_H135462	4:106155964	SNP	60x	True	11.088000000000001	13.860000000000001	0.14583333333333334	300.0	0.1	7.0
IID_H135462	X:70344845	SNP	60x	True	10.395000000000001	13.860000000000001	0.17777777777777778	413.0	0.13559322033898305	8.0
IID_H135462	X:70344991	DEL	60x	True	12.705	13.860000000000001	0.10909090909090909	446.0	0.09641255605381166	6.0
IID_H135462	22:29091782	SNP	80x	True	24.024	18.48	0.07692307692307693	630.0	0.07301587301587302	8.0
IID_H135462	3:149374828	SNP	80x	True	49.665	18.48	0.7209302325581395	463.0	0.5658747300215983	155.0
IID_H135462	16:3779700	INS	80x	True	19.635	18.48	0.09411764705882353	652.0	0.09662576687116564	8.0
IID_H135462	5:86676324	SNP	80x	True	18.942	18.48	0.2926829268292683	177.0	0.20903954802259886	24.0
IID_H135462	7:6426879	INS	80x	True	28.182000000000002	18.48	0.45081967213114754	469.0	0.3624733475479744	55.0
IID_H135462	12:49448692	SNP	80x	True	34.881	18.48	0.06622516556291391	613.0	0.0636215334420881	10.0
IID_H135462	12:56495808	SNP	80x	True	30.954	18.48	0.291044776119403	429.0	0.289044289044289	39.0
IID_H135462	16:23649216	DEL	80x	True	24.255000000000003	18.48	0.09523809523809523	531.0	0.07344632768361582	10.0
IID_H135462	4:55573382	SNP	80x	True	23.793000000000003	18.48	0.1553398058252427	333.0	0.07207207207207207	15.999999999999998
IID_H135462	4:106155964	SNP	80x	True	16.401	18.48	0.1267605633802817	300.0	0.1	9.0
IID_H135462	X:70344845	SNP	80x	True	14.322000000000001	18.48	0.14516129032258066	413.0	0.13559322033898305	9.0
IID_H135462	X:70344991	DEL	80x	True	17.325	18.48	0.10666666666666667	446.0	0.09641255605381166	8.0
IID_H135463	1:120458453	INS	30x	True	14.06546	11.320979999999999	0.1951219512195122	520.0	0.20576923076923076	8.0
IID_H135463	4:66356429	SNP	30x	False	8.919559999999999	11.320979999999999	0.038461538461538464	396.0	0.06313131313131314	1.0
IID_H135463	9:139400176	SNP	30x	True	15.094639999999998	11.320979999999999	0.1590909090909091	802.0	0.3266832917705736	7.0
IID_H135463	1:120458453	INS	60x	True	25.729499999999998	20.583599999999997	0.2	520.0	0.20576923076923076	15.0
IID_H135463	4:66356429	SNP	60x	True	22.641959999999997	20.583599999999997	0.045454545454545456	396.0	0.06313131313131314	3.0
IID_H135463	9:139400176	SNP	60x	True	30.189279999999997	20.583599999999997	0.11363636363636363	802.0	0.3266832917705736	10.0
IID_H135463	1:120458453	INS	80x	True	31.561519999999998	26.07256	0.18899999999999997	520.0	0.20576923076923076	17.387999999999998
IID_H135463	4:66356429	SNP	80x	True	26.75868	26.07256	0.0641025641025641	396.0	0.06313131313131314	5.0
IID_H135463	9:139400176	SNP	80x	True	38.42272	26.07256	0.14285714285714285	802.0	0.3266832917705736	16.0
IID_H135466	12:49425106	SNP	100x	True	62.734750000000005	66.61525	0.38144329896907214	1877.0	0.3169952051145445	37.0
IID_H135466	12:49431721	INS	100x	True	59.501000000000005	66.61525	0.34375	1453.0	0.27116311080523053	31.625
IID_H135466	12:46285857	SNP	100x	True	78.90350000000001	66.61525	0.38524590163934425	388.0	0.28865979381443296	47.0
IID_H135466	16:81979830	SNP	100x	True	51.093250000000005	66.61525	0.3670886075949367	551.0	0.23049001814882034	29.0
IID_H135466	17:7578443	SNP	100x	True	32.98425	66.61525	0.43137254901960786	948.0	0.459915611814346	22.0
IID_H135466	12:49425106	SNP	30x	True	19.4025	21.342750000000002	0.4666666666666667	1877.0	0.3169952051145445	14.0
IID_H135466	12:49431721	INS	30x	True	20.696	21.342750000000002	0.34375	1453.0	0.27116311080523053	11.0
IID_H135466	12:46285857	SNP	30x	True	32.98425	21.342750000000002	0.39215686274509803	388.0	0.28865979381443296	20.0
IID_H135466	16:81979830	SNP	30x	True	17.46225	21.342750000000002	0.4444444444444444	551.0	0.23049001814882034	12.0
IID_H135466	17:7578443	SNP	30x	True	10.348	21.342750000000002	0.4375	948.0	0.459915611814346	7.0
IID_H135466	12:49425106	SNP	60x	True	37.511500000000005	38.805	0.39655172413793105	1877.0	0.3169952051145445	23.0
IID_H135466	12:49431721	INS	60x	True	36.218	38.805	0.25	1453.0	0.27116311080523053	14.0
IID_H135466	12:46285857	SNP	60x	True	45.2725	38.805	0.44285714285714284	388.0	0.28865979381443296	31.0
IID_H135466	16:81979830	SNP	60x	True	30.397250000000003	38.805	0.40425531914893614	551.0	0.23049001814882034	19.0
IID_H135466	17:7578443	SNP	60x	True	15.522000000000002	38.805	0.4583333333333333	948.0	0.459915611814346	11.0
IID_H135466	12:49425106	SNP	80x	True	51.74	51.74	0.3875	1877.0	0.3169952051145445	31.0
IID_H135466	12:49431721	INS	80x	True	47.21275000000001	51.74	0.2465753424657534	1453.0	0.27116311080523053	18.0
IID_H135466	12:46285857	SNP	80x	True	59.501000000000005	51.74	0.391304347826087	388.0	0.28865979381443296	36.0
IID_H135466	16:81979830	SNP	80x	True	40.745250000000006	51.74	0.36507936507936506	551.0	0.23049001814882034	23.0
IID_H135466	17:7578443	SNP	80x	True	23.283	51.74	0.4444444444444444	948.0	0.459915611814346	16.0
IID_H135467	2:29432664	SNP	100x	True	121.3785	74.925	0.46296296296296297	504.0	0.4384920634920635	75.0
IID_H135467	2:29432664	SNP	30x	True	48.70125	26.22375	0.4307692307692308	504.0	0.4384920634920635	28.0
IID_H135467	2:29432664	SNP	60x	True	71.928	44.955	0.4375	504.0	0.4384920634920635	42.0
IID_H135467	2:29432664	SNP	80x	True	96.65325	59.94	0.4418604651162791	504.0	0.4384920634920635	57.0
IID_H135963	12:18656255	SNP	30x	True	38.347300000000004	30.864900000000002	0.4878048780487805	217.0	0.45161290322580644	20.0
IID_H135963	12:18656255	SNP	60x	True	58.9239	55.182700000000004	0.4444444444444444	217.0	0.45161290322580644	28.0
IID_H135963	12:18656255	SNP	80x	True	82.3064	74.824	0.45454545454545453	217.0	0.45161290322580644	40.0
IID_H135967	17:7577120	SNP	100x	True	58.54727999999999	65.86569	0.625	408.0	0.6617647058823529	55.0
IID_H135967	17:7577120	SNP	30x	True	23.28585	22.62054	0.5714285714285714	408.0	0.6617647058823529	20.0
IID_H135967	17:7577120	SNP	60x	True	35.26143	39.9186	0.6226415094339622	408.0	0.6617647058823529	33.0
IID_H135967	17:7577120	SNP	80x	True	46.5717	53.224799999999995	0.6285714285714286	408.0	0.6617647058823529	44.0
IID_H135990	17:7577108	SNP	100x	True	48.6972	90.18	0.8703703703703703	411.0	0.7980535279805353	47.0
IID_H135990	5:1295228	SNP	100x	True	100.0998	90.18	0.5315315315315315	398.0	0.44974874371859297	59.0
IID_H135990	1:11303212	SNP	100x	True	103.70700000000001	90.18	0.4	582.0	0.47594501718213056	46.0
IID_H135990	20:9543654	SNP	100x	True	111.8232	90.18	0.3790322580645161	362.0	0.3812154696132597	47.0
IID_H135990	17:7577108	SNP	30x	True	18.036	30.6612	0.75	411.0	0.7980535279805353	15.0
IID_H135990	5:1295228	SNP	30x	True	36.072	30.6612	0.6	398.0	0.44974874371859297	24.0
IID_H135990	1:11303212	SNP	30x	True	38.7774	30.6612	0.3953488372093023	582.0	0.47594501718213056	17.0
IID_H135990	20:9543654	SNP	30x	True	35.1702	30.6612	0.38461538461538464	362.0	0.3812154696132597	15.0
IID_H135990	17:7577108	SNP	60x	True	29.759400000000003	53.2062	0.8484848484848485	411.0	0.7980535279805353	28.0
IID_H135990	5:1295228	SNP	60x	True	62.2242	53.2062	0.5507246376811594	398.0	0.44974874371859297	38.0
IID_H135990	1:11303212	SNP	60x	True	63.126000000000005	53.2062	0.44285714285714284	582.0	0.47594501718213056	31.0
IID_H135990	20:9543654	SNP	60x	True	66.7332	53.2062	0.40540540540540543	362.0	0.3812154696132597	30.0
IID_H135990	17:7577108	SNP	80x	True	39.6792	71.2422	0.8409090909090909	411.0	0.7980535279805353	37.0
IID_H135990	5:1295228	SNP	80x	True	82.0638	71.2422	0.5384615384615384	398.0	0.44974874371859297	49.0
IID_H135990	1:11303212	SNP	80x	True	84.7692	71.2422	0.40425531914893614	582.0	0.47594501718213056	38.0
IID_H135990	20:9543654	SNP	80x	True	87.47460000000001	71.2422	0.3917525773195876	362.0	0.3812154696132597	38.0
IID_H136062	5:1295170	SNP	30x	True	26.774734921085447	27.586090524754702	0.12121212121212122	292.0	0.1643835616438356	4.0
IID_H136062	5:1295170	SNP	60x	True	47.8699806164861	48.68133622015536	0.11864406779661017	292.0	0.1643835616438356	7.0
IID_H136062	5:1295170	SNP	80x	True	60.04031467152494	63.28573708620196	0.10810810810810811	292.0	0.1643835616438356	8.0
IID_H136083	1:9784902	SNP	30x	True	33.989924972908746	31.375315359608077	0.07692307692307693	377.0	0.06896551724137931	3.0
IID_H136083	1:9784902	SNP	60x	True	63.62216725698304	52.29219226601346	0.0410958904109589	377.0	0.06896551724137931	3.0
IID_H136083	1:9784902	SNP	80x	True	80.18136147455397	69.72292302135128	0.05434782608695652	377.0	0.06896551724137931	5.0
IID_H136134	2:39278406	SNP	100x	True	154.2613118004258	89.30918051603598	0.1695906432748538	982.0	0.15885947046843177	29.0
IID_H136134	3:72864500	SNP	100x	True	88.40706758153057	89.30918051603598	0.20408163265306123	459.0	0.14814814814814814	20.0
IID_H136134	2:39278406	SNP	30x	True	53.224663135819426	28.867613904173247	0.13559322033898305	982.0	0.15885947046843177	8.0
IID_H136134	3:72864500	SNP	30x	True	26.161275100657004	28.867613904173247	0.10344827586206896	459.0	0.14814814814814814	3.0
IID_H136134	2:39278406	SNP	60x	True	89.30918051603598	54.12677607032484	0.13131313131313133	982.0	0.15885947046843177	13.000000000000002
IID_H136134	3:72864500	SNP	60x	True	55.931001939335665	54.12677607032484	0.16129032258064516	459.0	0.14814814814814814	10.0
IID_H136134	2:39278406	SNP	80x	True	125.39369789625255	72.16903476043312	0.16546762589928057	982.0	0.15885947046843177	23.0
IID_H136134	3:72864500	SNP	80x	True	73.07114769493853	72.16903476043312	0.18518518518518517	459.0	0.14814814814814814	15.0
IID_H136136	17:7577538	SNP	100x	True	40.96008	95.256	0.9767441860465116	306.0	0.9575163398692811	42.0
IID_H136136	7:148513811	DEL	100x	True	61.916399999999996	95.256	0.9538461538461539	317.0	0.9400630914826499	62.0
IID_H136136	17:7577538	SNP	30x	True	9.525599999999999	31.434479999999997	1.0	306.0	0.9575163398692811	10.0
IID_H136136	7:148513811	DEL	30x	True	17.146079999999998	31.434479999999997	0.9444444444444444	317.0	0.9400630914826499	17.0
IID_H136136	17:7577538	SNP	60x	True	20.956319999999998	57.1536	0.9545454545454546	306.0	0.9575163398692811	21.0
IID_H136136	7:148513811	DEL	60x	True	34.292159999999996	57.1536	0.9166666666666666	317.0	0.9400630914826499	33.0
IID_H136136	17:7577538	SNP	80x	True	32.38704	76.20479999999999	0.9705882352941176	306.0	0.9575163398692811	33.0
IID_H136136	7:148513811	DEL	80x	True	45.722879999999996	76.20479999999999	0.9583333333333334	317.0	0.9400630914826499	46.0
IID_H136139	3:138426003	SNP	30x	True	17.28126	19.5111	0.2903225806451613	139.0	0.33093525179856115	9.0
IID_H136139	6:106552922	SNP	30x	True	12.264119999999998	19.5111	0.6363636363636364	724.0	0.4046961325966851	14.0
IID_H136139	6:137519380	SNP	30x	True	11.149199999999999	19.5111	0.45	156.0	0.4230769230769231	9.0
IID_H136139	17:55693391	SNP	30x	True	32.890139999999995	19.5111	0.3050847457627119	1333.0	0.20705176294073518	18.0
IID_H136139	3:138426003	SNP	60x	True	19.5111	32.890139999999995	0.2857142857142857	139.0	0.33093525179856115	10.0
IID_H136139	6:106552922	SNP	60x	True	25.643159999999998	32.890139999999995	0.5	724.0	0.4046961325966851	23.0
IID_H136139	6:137519380	SNP	60x	True	23.41332	32.890139999999995	0.30952380952380953	156.0	0.4230769230769231	13.0
IID_H136139	17:55693391	SNP	60x	True	49.05647999999999	32.890139999999995	0.29545454545454547	1333.0	0.20705176294073518	26.0
IID_H136139	3:138426003	SNP	80x	True	30.102839999999997	45.154259999999994	0.2962962962962963	139.0	0.33093525179856115	16.0
IID_H136139	6:106552922	SNP	80x	True	36.792359999999995	45.154259999999994	0.4696969696969697	724.0	0.4046961325966851	31.0
IID_H136139	6:137519380	SNP	80x	True	30.660299999999996	45.154259999999994	0.32727272727272727	156.0	0.4230769230769231	18.0
IID_H136139	17:55693391	SNP	80x	True	63.550439999999995	45.154259999999994	0.2807017543859649	1333.0	0.20705176294073518	32.0
IID_H136375	17:7577498	SNP	100x	True	52.8528	64.74468	0.525	435.0	0.3471264367816092	42.0
IID_H136375	16:72821283	SNP	100x	True	54.83478	64.74468	0.3614457831325301	560.0	0.2357142857142857	30.0
IID_H136375	17:7577498	SNP	30x	True	15.85584	22.46244	0.4583333333333333	435.0	0.3471264367816092	11.0
IID_H136375	16:72821283	SNP	30x	True	12.55254	22.46244	0.42105263157894735	560.0	0.2357142857142857	8.0
IID_H136375	17:7577498	SNP	60x	True	32.37234	39.6396	0.5306122448979592	435.0	0.3471264367816092	26.0
IID_H136375	16:72821283	SNP	60x	True	32.37234	39.6396	0.3673469387755102	560.0	0.2357142857142857	18.0
IID_H136375	17:7577498	SNP	80x	True	46.90686	52.8528	0.5211267605633803	435.0	0.3471264367816092	37.0
IID_H136375	16:72821283	SNP	80x	True	46.90686	52.8528	0.36619718309859156	560.0	0.2357142857142857	26.0
IID_H136424	17:78897301	SNP	100x	True	93.35195999999999	76.518	0.04918032786885246	548.0	0.07846715328467153	6.0
IID_H136424	17:78897301	SNP	30x	False	36.72864	27.54648	0.041666666666666664	548.0	0.07846715328467153	2.0
IID_H136424	17:78897301	SNP	60x	False	52.797419999999995	45.910799999999995	0.028985507246376812	548.0	0.07846715328467153	2.0
IID_H136424	17:78897301	SNP	80x	False	69.63138	61.97958	0.02197802197802198	548.0	0.07846715328467153	2.0
IID_H136425	1:115256529	SNP	100x	True	69.6959	78.31	0.34831460674157305	639.0	0.4131455399061033	31.0
IID_H136425	17:16004577	SNP	100x	True	85.3579	78.31	0.4036697247706422	349.0	0.4498567335243553	44.0
IID_H136425	1:115256529	SNP	30x	True	32.1071	28.1916	0.3902439024390244	639.0	0.4131455399061033	16.0
IID_H136425	17:16004577	SNP	30x	True	32.8902	28.1916	0.5	349.0	0.4498567335243553	21.0
IID_H136425	1:115256529	SNP	60x	True	43.8536	46.986000000000004	0.4107142857142857	639.0	0.4131455399061033	23.0
IID_H136425	17:16004577	SNP	60x	True	52.4677	46.986000000000004	0.44776119402985076	349.0	0.4498567335243553	30.0
IID_H136425	1:115256529	SNP	80x	True	53.2508	62.648	0.38235294117647056	639.0	0.4131455399061033	26.0
IID_H136425	17:16004577	SNP	80x	True	66.5635	62.648	0.4588235294117647	349.0	0.4498567335243553	39.0
IID_H136433	17:7578413	SNP	30x	True	24.62625	25.3725	0.696969696969697	561.0	0.6203208556149733	23.0
IID_H136433	14:95560466	SNP	30x	True	43.2825	25.3725	0.10344827586206896	816.0	0.15073529411764705	6.0
IID_H136433	17:7578413	SNP	60x	True	37.3125	44.775	0.72	561.0	0.6203208556149733	36.0
IID_H136433	14:95560466	SNP	60x	True	63.43125	44.775	0.16470588235294117	816.0	0.15073529411764705	14.0
IID_H136433	17:7578413	SNP	80x	True	51.49125	61.192499999999995	0.7536231884057971	561.0	0.6203208556149733	52.0
IID_H136433	14:95560466	SNP	80x	True	85.81875	61.192499999999995	0.17391304347826086	816.0	0.15073529411764705	20.0
IID_H136631	6:106553090	SNP	30x	False	4.62714	7.2712200000000005	0.047619047619047616	938.0	0.13752665245202558	1.0
IID_H136631	16:3658506	SNP	30x	False	8.37292	7.2712200000000005	0.0	932.0	0.10407725321888411	0.0
IID_H136631	22:24145588	DEL	30x	True	6.16952	7.2712200000000005	0.32142857142857145	679.0	0.2650957290132548	9.0
IID_H136631	6:106553090	SNP	60x	False	9.25428	13.2204	0.047619047619047616	938.0	0.13752665245202558	2.0
IID_H136631	16:3658506	SNP	60x	True	14.542440000000001	13.2204	0.09090909090909091	932.0	0.10407725321888411	6.0
IID_H136631	22:24145588	DEL	60x	True	11.67802	13.2204	0.16981132075471697	679.0	0.2650957290132548	9.0
IID_H136631	6:106553090	SNP	80x	True	14.542440000000001	18.067880000000002	0.12121212121212122	938.0	0.13752665245202558	8.0
IID_H136631	16:3658506	SNP	80x	True	20.27128	18.067880000000002	0.09782608695652174	932.0	0.10407725321888411	9.0
IID_H136631	22:24145588	DEL	80x	True	15.86448	18.067880000000002	0.18100000000000002	679.0	0.2650957290132548	13.032000000000002
IID_H136632	X:76890106	SNP	100x	True	47.876400000000004	61.38	0.2948717948717949	195.0	0.29743589743589743	23.0
IID_H136632	X:76890106	SNP	30x	True	17.1864	22.7106	0.5	195.0	0.29743589743589743	14.0
IID_H136632	X:76890106	SNP	60x	True	32.5314	36.828	0.37735849056603776	195.0	0.29743589743589743	20.0
IID_H136632	X:76890106	SNP	80x	True	39.897	49.104	0.35384615384615387	195.0	0.29743589743589743	23.0
IID_H136633	2:178098953	SNP	100x	True	96.72972	95.772	0.3564356435643564	296.0	0.28378378378378377	36.0
IID_H136633	3:41266088	DEL	100x	True	101.51832	95.772	0.2830188679245283	346.0	0.29190751445086704	30.0
IID_H136633	2:178098953	SNP	30x	True	31.60476	34.47792	0.42424242424242425	296.0	0.28378378378378377	14.0
IID_H136633	3:41266088	DEL	30x	True	37.35108	34.47792	0.23076923076923078	346.0	0.29190751445086704	9.0
IID_H136633	2:178098953	SNP	60x	True	48.84372	57.4632	0.39215686274509803	296.0	0.28378378378378377	20.0
IID_H136633	3:41266088	DEL	60x	True	65.12496	57.4632	0.27941176470588236	346.0	0.29190751445086704	19.0
IID_H136633	2:178098953	SNP	80x	True	79.49076	76.6176	0.3614457831325301	296.0	0.28378378378378377	30.0
IID_H136633	3:41266088	DEL	80x	True	81.4062	76.6176	0.2823529411764706	346.0	0.29190751445086704	24.0
IID_H136640	19:15285105	SNP	30x	True	45.99936	29.814400000000003	0.5	1834.0	0.4967284623773173	27.0
IID_H136640	19:15285105	SNP	60x	True	68.99904000000001	51.110400000000006	0.5308641975308642	1834.0	0.4967284623773173	43.0
IID_H136640	19:15285105	SNP	80x	True	95.40608	70.70272	0.5	1834.0	0.4967284623773173	56.0
IID_H136648	12:25378647	SNP	100x	True	23.408	26.6	0.42045454545454547	638.0	0.44200626959247646	37.0
IID_H136648	12:25378647	SNP	30x	True	11.438	9.576	0.3953488372093023	638.0	0.44200626959247646	17.0
IID_H136648	12:25378647	SNP	60x	True	15.428	15.96	0.39655172413793105	638.0	0.44200626959247646	23.0
IID_H136648	12:25378647	SNP	80x	True	20.748	21.28	0.4358974358974359	638.0	0.44200626959247646	34.0
IID_H156407	15:43714198	SNP	100x	True	49.49497139681328	58.77527853371577	0.3125	984.0	0.3546747967479675	25.0
IID_H156407	X:70356748	SNP	100x	True	70.53033424045893	58.77527853371577	0.09649122807017543	1523.0	0.07879185817465528	11.0
IID_H156407	15:43714198	SNP	30x	True	17.941927131344812	21.035362843645643	0.3448275862068966	984.0	0.3546747967479675	10.0
IID_H156407	X:70356748	SNP	30x	True	24.128798555946474	21.035362843645643	0.07692307692307693	1523.0	0.07879185817465528	3.0
IID_H156407	15:43714198	SNP	60x	True	27.222234268247302	37.12122854760996	0.29545454545454547	984.0	0.3546747967479675	13.0
IID_H156407	X:70356748	SNP	60x	True	46.401535684512446	37.12122854760996	0.10666666666666667	1523.0	0.07879185817465528	8.0
IID_H156407	15:43714198	SNP	80x	True	40.83335140237096	48.87628425435311	0.2878787878787879	984.0	0.3546747967479675	19.0
IID_H156407	X:70356748	SNP	80x	True	60.0126528186361	48.87628425435311	0.08247422680412371	1523.0	0.07879185817465528	8.0
IID_H156409	16:3778737	SNP	30x	False	23.27232	23.27232	0.058823529411764705	1587.0	0.15059861373660996	2.0
IID_H156409	16:3778737	SNP	60x	True	51.336	41.068799999999996	0.14666666666666667	1587.0	0.15059861373660996	11.0
IID_H156409	16:3778737	SNP	80x	True	67.76352	54.758399999999995	0.15151515151515152	1587.0	0.15059861373660996	15.0
IID_H158180	19:11141517	SNP	30x	True	29.44	30.360000000000003	0.5	597.0	0.4221105527638191	16.0
IID_H158180	19:11141517	SNP	60x	True	48.760000000000005	55.2	0.5471698113207547	597.0	0.4221105527638191	29.0
IID_H158180	19:11141517	SNP	80x	True	70.84	73.60000000000001	0.5714285714285714	597.0	0.4221105527638191	44.0
IID_H158182	16:3828699	DNP	100x	True	20.50092	93.186	0.4673913043478261	782.0	0.4296675191815857	10.282608695652174
IID_H158182	19:11097144	SNP	100x	True	126.73296	93.186	0.47794117647058826	936.0	0.48504273504273504	65.0
IID_H158182	9:139399344	INS	100x	True	157.48434	93.186	0.48200000000000004	1802.0	0.21920088790233075	81.45800000000001
IID_H158182	16:3828699	DNP	30x	True	6.52302	31.68324	0.53125	782.0	0.4296675191815857	3.71875
IID_H158182	19:11097144	SNP	30x	True	44.72928	31.68324	0.5208333333333334	936.0	0.48504273504273504	25.0
IID_H158182	9:139399344	INS	30x	True	54.04788	31.68324	0.517	1802.0	0.21920088790233075	29.986
IID_H158182	16:3828699	DNP	60x	True	11.18232	54.97974	0.5357142857142857	782.0	0.4296675191815857	6.428571428571429
IID_H158182	19:11097144	SNP	60x	True	85.73112	54.97974	0.4673913043478261	936.0	0.48504273504273504	43.0
IID_H158182	9:139399344	INS	60x	True	89.45856	54.97974	0.522	1802.0	0.21920088790233075	50.112
IID_H158182	16:3828699	DNP	80x	True	19.56906	73.61694	0.4810126582278481	782.0	0.4296675191815857	10.10126582278481
IID_H158182	19:11097144	SNP	80x	True	108.09576	73.61694	0.4827586206896552	936.0	0.48504273504273504	56.0
IID_H158182	9:139399344	INS	80x	True	124.86924	73.61694	0.49	1802.0	0.21920088790233075	65.66
IID_H158183	16:2131685	SNP	30x	True	35.64856	25.02984	0.3829787234042553	837.0	0.37037037037037035	18.0
IID_H158183	16:2131685	SNP	60x	True	53.0936	45.5088	0.37142857142857144	837.0	0.37037037037037035	26.0
IID_H158183	16:2131685	SNP	80x	True	70.53864	64.4708	0.3978494623655914	837.0	0.37037037037037035	37.0
IID_H158184	16:3779748	SNP	30x	True	17.927	22.7535	0.2692307692307692	729.0	0.3731138545953361	7.0
IID_H158184	16:3779748	SNP	60x	True	35.854	41.37	0.28846153846153844	729.0	0.3731138545953361	14.999999999999998
IID_H158184	16:3779748	SNP	80x	True	47.5755	55.16	0.2898550724637681	729.0	0.3731138545953361	20.0
IID_H158223	13:48947560	SNP	30x	True	35.1828	29.905379999999997	0.85	457.0	0.6695842450765864	34.0
IID_H158223	22:24134069	SNP	30x	True	89.71614	29.905379999999997	0.5980392156862745	1194.0	0.5217755443886097	61.0
IID_H158223	12:46243404	SNP	30x	True	24.627959999999998	29.905379999999997	0.5	352.0	0.26988636363636365	14.0
IID_H158223	17:59770862	SNP	30x	True	48.376349999999995	29.905379999999997	0.21818181818181817	593.0	0.20741989881956155	12.0
IID_H158223	13:48947560	SNP	60x	True	66.84732	52.7742	0.881578947368421	457.0	0.6695842450765864	67.0
IID_H158223	22:24134069	SNP	60x	True	147.76775999999998	52.7742	0.5595238095238095	1194.0	0.5217755443886097	94.0
IID_H158223	12:46243404	SNP	60x	True	41.33979	52.7742	0.425531914893617	352.0	0.26988636363636365	20.0
IID_H158223	17:59770862	SNP	60x	True	70.3656	52.7742	0.2375	593.0	0.20741989881956155	19.0
IID_H158223	13:48947560	SNP	80x	True	83.55915	70.3656	0.9052631578947369	457.0	0.6695842450765864	86.0
IID_H158223	22:24134069	SNP	80x	True	202.3011	70.3656	0.5956521739130435	1194.0	0.5217755443886097	137.0
IID_H158223	12:46243404	SNP	80x	True	48.376349999999995	70.3656	0.4727272727272727	352.0	0.26988636363636365	26.0
IID_H158223	17:59770862	SNP	80x	True	94.99356	70.3656	0.2037037037037037	593.0	0.20741989881956155	22.0
IID_H158273	16:2127672	ONP	100x	True	149.3097	80.77409999999999	0.466	1051.0	0.4300666032350143	85.278
IID_H158273	X:76938358	SNP	100x	True	71.7992	80.77409999999999	0.4090909090909091	606.0	0.36468646864686466	36.0
IID_H158273	16:2127672	ONP	30x	True	56.2971	26.924699999999998	0.42100000000000004	1051.0	0.4300666032350143	29.049000000000003
IID_H158273	X:76938358	SNP	30x	True	23.661099999999998	26.924699999999998	0.41379310344827586	606.0	0.36468646864686466	12.0
IID_H158273	16:2127672	ONP	60x	True	93.01259999999999	47.322199999999995	0.45	1051.0	0.4300666032350143	51.300000000000004
IID_H158273	X:76938358	SNP	60x	True	43.2427	47.322199999999995	0.37735849056603776	606.0	0.36468646864686466	20.0
IID_H158273	16:2127672	ONP	80x	True	120.75319999999999	64.45609999999999	0.44	1051.0	0.4300666032350143	65.12
IID_H158273	X:76938358	SNP	80x	True	58.7448	64.45609999999999	0.3888888888888889	606.0	0.36468646864686466	28.0
IID_H158493	17:7577022	SNP	30x	True	16.416320000000002	18.68064	0.6551724137931034	598.0	0.35785953177257523	19.0
IID_H158493	17:7577022	SNP	60x	True	30.00224	33.964800000000004	0.7358490566037735	598.0	0.35785953177257523	39.0
IID_H158493	17:7577022	SNP	80x	True	36.22912	45.2864	0.734375	598.0	0.35785953177257523	47.0
IID_H158916	17:7577511	SNP	30x	True	10.76166	26.49024	0.6153846153846154	407.0	0.4201474201474201	8.0
IID_H158916	17:7577511	SNP	60x	True	24.834600000000002	49.669200000000004	0.7333333333333333	407.0	0.4201474201474201	22.0
IID_H158916	17:7577511	SNP	80x	True	33.94062	69.53688	0.7073170731707317	407.0	0.4201474201474201	29.0
IID_H158917	19:18271322	SNP	100x	True	41.496	40.299	0.10576923076923077	427.0	0.1451990632318501	11.0
IID_H158917	19:18271322	SNP	30x	True	13.167000000000002	13.965	0.12121212121212122	427.0	0.1451990632318501	4.0
IID_H158917	19:18271322	SNP	60x	True	22.743000000000002	23.94	0.12280701754385964	427.0	0.1451990632318501	7.0
IID_H158917	19:18271322	SNP	80x	True	32.718	31.92	0.12195121951219512	427.0	0.1451990632318501	10.0
IID_H158918	3:41266107	SNP	30x	True	26.0	34.0	0.5384615384615384	579.0	0.43005181347150256	14.0
IID_H158918	3:41266107	SNP	60x	True	48.0	60.0	0.4791666666666667	579.0	0.43005181347150256	23.0
IID_H158918	3:41266107	SNP	80x	True	63.0	80.0	0.47619047619047616	579.0	0.43005181347150256	30.0
IID_H158919	2:202149589	SNP	100x	True	47.01816	55.974000000000004	0.38095238095238093	434.0	0.2857142857142857	32.0
IID_H158919	6:117708102	SNP	100x	True	61.571400000000004	55.974000000000004	0.45454545454545453	383.0	0.5900783289817232	50.0
IID_H158919	2:202149589	SNP	30x	True	12.31428	20.15064	0.22727272727272727	434.0	0.2857142857142857	5.0
IID_H158919	6:117708102	SNP	30x	True	25.74804	20.15064	0.3695652173913043	383.0	0.5900783289817232	17.0
IID_H158919	2:202149589	SNP	60x	True	25.1883	33.5844	0.37777777777777777	434.0	0.2857142857142857	17.0
IID_H158919	6:117708102	SNP	60x	True	38.62206	33.5844	0.463768115942029	383.0	0.5900783289817232	32.0
IID_H158919	2:202149589	SNP	80x	True	35.82336	44.7792	0.40625	434.0	0.2857142857142857	26.0
IID_H158919	6:117708102	SNP	80x	True	50.93634	44.7792	0.4725274725274725	383.0	0.5900783289817232	43.0
IID_H159103	5:1295228	SNP	100x	True	49.64064	88.644	0.35714285714285715	315.0	0.4603174603174603	20.0
IID_H159103	2:29436859	SNP	100x	True	143.60328	88.644	0.5925925925925926	991.0	0.6115035317860746	96.0
IID_H159103	5:1295228	SNP	30x	True	21.27456	31.0254	0.5416666666666666	315.0	0.4603174603174603	13.0
IID_H159103	2:29436859	SNP	30x	True	47.86776	31.0254	0.5925925925925926	991.0	0.6115035317860746	32.0
IID_H159103	5:1295228	SNP	60x	True	31.0254	53.1864	0.3142857142857143	315.0	0.4603174603174603	11.0
IID_H159103	2:29436859	SNP	60x	True	84.2118	53.1864	0.5894736842105263	991.0	0.6115035317860746	55.99999999999999
IID_H159103	5:1295228	SNP	80x	True	39.8898	70.9152	0.35555555555555557	315.0	0.4603174603174603	16.0
IID_H159103	2:29436859	SNP	80x	True	116.12364	70.9152	0.5954198473282443	991.0	0.6115035317860746	78.0
IID_H159153	20:62321727	DEL	100x	True	28.24692	24.778	0.09649122807017543	1203.0	0.0914380714879468	11.0
IID_H159153	20:62321727	DEL	30x	False	10.15898	9.41564	0.07317073170731707	1203.0	0.0914380714879468	3.0
IID_H159153	20:62321727	DEL	60x	True	17.3446	14.8668	0.1	1203.0	0.0914380714879468	7.0
IID_H159153	20:62321727	DEL	80x	True	24.03466	19.822400000000002	0.1134020618556701	1203.0	0.0914380714879468	11.0
IID_H159369	17:7574003	SNP	100x	True	63.34472	67.388	0.8085106382978723	460.0	0.8021739130434783	76.0
IID_H159369	17:7574003	SNP	30x	True	22.23804	24.259680000000003	0.7272727272727273	460.0	0.8021739130434783	24.0
IID_H159369	17:7574003	SNP	60x	True	36.389520000000005	40.4328	0.7777777777777778	460.0	0.8021739130434783	42.0
IID_H159369	17:7574003	SNP	80x	True	48.519360000000006	53.9104	0.7916666666666666	460.0	0.8021739130434783	57.0
IID_H159370	4:55127295	SNP	30x	True	61.0884	23.077840000000002	0.07777777777777778	1621.0	0.06724244293645898	7.0
IID_H159370	8:90965531	SNP	30x	True	21.72032	23.077840000000002	0.375	759.0	0.28194993412384717	12.0
IID_H159370	17:7577538	SNP	30x	True	12.89644	23.077840000000002	0.7894736842105263	425.0	0.8094117647058824	15.0
IID_H159370	4:55127295	SNP	60x	True	105.88656	40.04684	0.08974358974358974	1621.0	0.06724244293645898	14.0
IID_H159370	8:90965531	SNP	60x	True	41.404360000000004	40.04684	0.22950819672131148	759.0	0.28194993412384717	14.0
IID_H159370	17:7577538	SNP	60x	True	24.435360000000003	40.04684	0.7222222222222222	425.0	0.8094117647058824	26.0
IID_H159370	4:55127295	SNP	80x	True	138.46704	53.622040000000005	0.08333333333333333	1621.0	0.06724244293645898	17.0
IID_H159370	8:90965531	SNP	80x	True	56.33708	53.622040000000005	0.24096385542168675	759.0	0.28194993412384717	20.0
IID_H159370	17:7577538	SNP	80x	True	34.61676	53.622040000000005	0.7058823529411765	425.0	0.8094117647058824	36.0
IID_H159446	14:30132948	SNP	100x	True	142.59423999999999	93.812	0.3684210526315789	693.0	0.341991341991342	56.0
IID_H159446	4:66286182	SNP	100x	True	111.63628	93.812	0.44537815126050423	381.0	0.3963254593175853	53.0
IID_H159446	4:41747902	INS	100x	True	90.99763999999999	93.812	0.4536082474226804	525.0	0.40190476190476193	44.0
IID_H159446	1:115273268	SNP	100x	True	94.75012	93.812	0.36633663366336633	434.0	0.4055299539170507	37.0
IID_H159446	14:30132948	SNP	30x	True	57.225319999999996	32.834199999999996	0.36065573770491804	693.0	0.341991341991342	22.0
IID_H159446	4:66286182	SNP	30x	True	34.71044	32.834199999999996	0.5405405405405406	381.0	0.3963254593175853	20.0
IID_H159446	4:41747902	INS	30x	True	33.77232	32.834199999999996	0.3888888888888889	525.0	0.40190476190476193	14.0
IID_H159446	1:115273268	SNP	30x	True	34.71044	32.834199999999996	0.35135135135135137	434.0	0.4055299539170507	13.0
IID_H159446	14:30132948	SNP	60x	True	88.18328	56.2872	0.3191489361702128	693.0	0.341991341991342	30.0
IID_H159446	4:66286182	SNP	60x	True	68.48276	56.2872	0.4657534246575342	381.0	0.3963254593175853	34.0
IID_H159446	4:41747902	INS	60x	True	47.84412	56.2872	0.43137254901960786	525.0	0.40190476190476193	22.0
IID_H159446	1:115273268	SNP	60x	True	68.48276	56.2872	0.3972602739726027	434.0	0.4055299539170507	29.0
IID_H159446	14:30132948	SNP	80x	True	117.265	75.0496	0.352	693.0	0.341991341991342	44.0
IID_H159446	4:66286182	SNP	80x	True	89.1214	75.0496	0.4421052631578947	381.0	0.3963254593175853	42.0
IID_H159446	4:41747902	INS	80x	True	72.23523999999999	75.0496	0.38961038961038963	525.0	0.40190476190476193	30.0
IID_H159446	1:115273268	SNP	80x	True	84.43079999999999	75.0496	0.36666666666666664	434.0	0.4055299539170507	33.0
IID_H195916	17:7577539	SNP	30x	True	8.49807	14.568119999999999	0.42857142857142855	589.0	0.5178268251273345	9.0
IID_H195916	12:25398284	SNP	30x	True	26.303549999999998	14.568119999999999	0.6	843.0	0.5693950177935944	39.0
IID_H195916	17:7577539	SNP	60x	True	14.97279	24.280199999999997	0.3783783783783784	589.0	0.5178268251273345	14.0
IID_H195916	12:25398284	SNP	60x	True	46.94172	24.280199999999997	0.5603448275862069	843.0	0.5693950177935944	65.0
IID_H195916	17:7577539	SNP	80x	True	22.25685	32.373599999999996	0.36363636363636365	589.0	0.5178268251273345	20.0
IID_H195916	12:25398284	SNP	80x	True	62.72385	32.373599999999996	0.5935483870967742	843.0	0.5693950177935944	92.0
IID_H195920	X:20156731	SNP	100x	True	20.850369681161453	54.869393897793294	0.47368421052631576	269.0	0.550185873605948	18.0
IID_H195920	X:20156731	SNP	30x	True	9.327796962624861	17.558206047293854	0.6470588235294118	269.0	0.550185873605948	11.0
IID_H195920	X:20156731	SNP	60x	True	15.363430291382123	32.921636338675974	0.42857142857142855	269.0	0.550185873605948	12.0
IID_H195920	X:20156731	SNP	80x	True	18.655593925249722	43.895515118234634	0.5	269.0	0.550185873605948	17.0
IID_H195921	17:7578508	INS	30x	True	21.971600000000002	19.658800000000003	0.5263157894736842	669.0	0.6965620328849028	20.0
IID_H195921	17:7578508	INS	60x	True	35.848400000000005	34.692	0.5645161290322581	669.0	0.6965620328849028	35.0
IID_H195921	17:7578508	INS	80x	True	50.881600000000006	46.256	0.5681818181818182	669.0	0.6965620328849028	50.00000000000001
IID_H195922	12:49432516	SNP	30x	True	47.47846	30.45788	0.22641509433962265	1180.0	0.1711864406779661	12.0
IID_H195922	1:9783216	SNP	30x	False	29.56206	30.45788	0.06060606060606061	748.0	0.3195187165775401	2.0
IID_H195922	12:417167	SNP	30x	True	58.2283	30.45788	0.2	590.0	0.18305084745762712	13.0
IID_H195922	12:49435156	SNP	30x	True	46.58264	30.45788	0.1346153846153846	845.0	0.17514792899408285	7.0
IID_H195922	17:56772478	SNP	30x	True	54.645019999999995	30.45788	0.18032786885245902	1392.0	0.17385057471264367	11.0
IID_H195922	17:78796972	DNP	30x	True	9.85402	30.45788	0.3	1183.0	0.16568047337278108	3.3
IID_H195922	2:158636934	SNP	30x	True	35.8328	30.45788	0.35	621.0	0.31239935587761675	14.0
IID_H195922	20:62326263	SNP	30x	True	33.14534	30.45788	0.24324324324324326	1320.0	0.25757575757575757	9.0
IID_H195922	6:117717425	SNP	30x	True	43.895179999999996	30.45788	0.30612244897959184	406.0	0.26354679802955666	15.0
IID_H195922	7:50468213	SNP	30x	True	42.103539999999995	30.45788	0.5106382978723404	827.0	0.4740024183796856	23.999999999999996
IID_H195922	12:12871133	INS	30x	True	41.207719999999995	30.45788	0.1956521739130435	413.0	0.17433414043583534	9.0
IID_H195922	4:55161291	SNP	30x	True	30.45788	30.45788	0.17647058823529413	425.0	0.32235294117647056	6.0
IID_H195922	12:49432516	SNP	60x	True	79.72798	53.749199999999995	0.21348314606741572	1180.0	0.1711864406779661	19.0
IID_H195922	1:9783216	SNP	60x	True	57.33248	53.749199999999995	0.1875	748.0	0.3195187165775401	12.0
IID_H195922	12:417167	SNP	60x	True	99.43602	53.749199999999995	0.1891891891891892	590.0	0.18305084745762712	21.0
IID_H195922	12:49435156	SNP	60x	True	84.20707999999999	53.749199999999995	0.14893617021276595	845.0	0.17514792899408285	14.0
IID_H195922	17:56772478	SNP	60x	True	112.87331999999999	53.749199999999995	0.1746031746031746	1392.0	0.17385057471264367	22.0
IID_H195922	17:78796972	DNP	60x	True	14.33312	53.749199999999995	0.22429906542056074	1183.0	0.16568047337278108	3.588785046728972
IID_H195922	2:158636934	SNP	60x	True	65.39486	53.749199999999995	0.3013698630136986	621.0	0.31239935587761675	22.0
IID_H195922	20:62326263	SNP	60x	True	71.6656	53.749199999999995	0.2375	1320.0	0.25757575757575757	19.0
IID_H195922	6:117717425	SNP	60x	True	68.97814	53.749199999999995	0.23376623376623376	406.0	0.26354679802955666	18.0
IID_H195922	7:50468213	SNP	60x	True	73.45724	53.749199999999995	0.5121951219512195	827.0	0.4740024183796856	42.0
IID_H195922	12:12871133	INS	60x	True	75.24888	53.749199999999995	0.25	413.0	0.17433414043583534	21.0
IID_H195922	4:55161291	SNP	60x	True	51.957559999999994	53.749199999999995	0.27586206896551724	425.0	0.32235294117647056	16.0
IID_H195922	12:49432516	SNP	80x	True	111.08167999999999	71.6656	0.23387096774193547	1180.0	0.1711864406779661	29.0
IID_H195922	1:9783216	SNP	80x	True	80.62379999999999	71.6656	0.2111111111111111	748.0	0.3195187165775401	19.0
IID_H195922	12:417167	SNP	80x	True	137.06046	71.6656	0.20915032679738563	590.0	0.18305084745762712	32.0
IID_H195922	12:49435156	SNP	80x	True	103.0193	71.6656	0.1391304347826087	845.0	0.17514792899408285	16.0
IID_H195922	17:56772478	SNP	80x	True	146.91448	71.6656	0.1524390243902439	1392.0	0.17385057471264367	25.0
IID_H195922	17:78796972	DNP	80x	True	20.603859999999997	71.6656	0.23076923076923078	1183.0	0.16568047337278108	5.307692307692308
IID_H195922	2:158636934	SNP	80x	True	94.95692	71.6656	0.3113207547169811	621.0	0.31239935587761675	33.0
IID_H195922	20:62326263	SNP	80x	True	96.74856	71.6656	0.24074074074074073	1320.0	0.25757575757575757	26.0
IID_H195922	6:117717425	SNP	80x	True	87.79035999999999	71.6656	0.25510204081632654	406.0	0.26354679802955666	25.0
IID_H195922	7:50468213	SNP	80x	True	99.43602	71.6656	0.5045045045045045	827.0	0.4740024183796856	55.99999999999999
IID_H195922	12:12871133	INS	80x	True	108.39421999999999	71.6656	0.19834710743801653	413.0	0.17433414043583534	24.0
IID_H195922	4:55161291	SNP	80x	True	68.08232	71.6656	0.27631578947368424	425.0	0.32235294117647056	21.000000000000004
IID_H195923	1:9776030	SNP	30x	True	27.2727	21.428549999999998	0.11904761904761904	1401.0	0.13133476088508209	5.0
IID_H195923	2:48018171	INS	30x	True	22.727249999999998	21.428549999999998	0.14285714285714285	760.0	0.14342105263157895	5.0
IID_H195923	3:128204947	SNP	30x	True	24.6753	21.428549999999998	0.10526315789473684	1553.0	0.14616870573084353	4.0
IID_H195923	16:9858232	SNP	30x	True	22.0779	21.428549999999998	0.11764705882352941	561.0	0.1532976827094474	4.0
IID_H195923	17:7578413	SNP	30x	True	27.2727	21.428549999999998	0.7142857142857143	1211.0	0.8431048720066061	30.0
IID_H195923	1:9776030	SNP	60x	True	51.948	38.961	0.15	1401.0	0.13133476088508209	12.0
IID_H195923	2:48018171	INS	60x	True	44.80515	38.961	0.10144927536231885	760.0	0.14342105263157895	7.0
IID_H195923	3:128204947	SNP	60x	True	38.961	38.961	0.1	1553.0	0.14616870573084353	6.0
IID_H195923	16:9858232	SNP	60x	True	33.11685	38.961	0.11764705882352941	561.0	0.1532976827094474	6.0
IID_H195923	17:7578413	SNP	60x	True	42.20775	38.961	0.7384615384615385	1211.0	0.8431048720066061	48.0
IID_H195989	17:58740498	SNP	100x	True	151.370268229796	99.275305787074	0.23376623376623376	919.0	0.1969532100108814	36.0
IID_H195989	17:58740498	SNP	30x	True	56.026657721418	37.351105147612	0.22807017543859648	919.0	0.1969532100108814	13.0
IID_H195989	17:58740498	SNP	60x	True	97.309458147726	59.958353000114	0.2222222222222222	919.0	0.1969532100108814	22.0
IID_H195989	17:58740498	SNP	80x	True	121.882553639576	79.616829393594	0.22580645161290322	919.0	0.1969532100108814	28.0
IID_H195990	11:85988128	SNP	30x	True	24.186239999999998	20.1552	0.20833333333333334	626.0	0.2987220447284345	10.0
IID_H195990	X:76875985	SNP	30x	True	14.10864	20.1552	0.21428571428571427	534.0	0.3445692883895131	6.0
IID_H195990	11:85988128	SNP	60x	True	34.76772	30.2328	0.2028985507246377	626.0	0.2987220447284345	14.0
IID_H195990	X:76875985	SNP	60x	True	24.69012	30.2328	0.2653061224489796	534.0	0.3445692883895131	13.0
IID_H195990	11:85988128	SNP	80x	True	45.85308	41.82204	0.1978021978021978	626.0	0.2987220447284345	18.0
IID_H195990	X:76875985	SNP	80x	True	39.30264	41.82204	0.2564102564102564	534.0	0.3445692883895131	20.0
IID_H195991	1:45805944	SNP	30x	True	9.91872	14.87808	0.21428571428571427	313.0	0.2012779552715655	6.0
IID_H195991	4:55971014	SNP	30x	True	19.83744	14.87808	0.14285714285714285	808.0	0.1485148514851485	8.0
IID_H195991	6:29910765	DEL	30x	True	14.169599999999999	14.87808	0.175	939.0	0.1799787007454739	7.0
IID_H195991	X:123040996	SNP	30x	True	14.52384	14.87808	0.14634146341463414	526.0	0.15019011406844107	6.0
IID_H195991	1:45805944	SNP	60x	True	14.87808	20.90016	0.19047619047619047	313.0	0.2012779552715655	8.0
IID_H195991	4:55971014	SNP	60x	True	29.40192	20.90016	0.10843373493975904	808.0	0.1485148514851485	9.0
IID_H195991	6:29910765	DEL	60x	True	19.4832	20.90016	0.12727272727272726	939.0	0.1799787007454739	6.999999999999999
IID_H195991	X:123040996	SNP	60x	True	18.06624	20.90016	0.2549019607843137	526.0	0.15019011406844107	13.0
IID_H195991	1:45805944	SNP	80x	True	18.06624	27.98496	0.19607843137254902	313.0	0.2012779552715655	10.0
IID_H195991	4:55971014	SNP	80x	True	38.9664	27.98496	0.10909090909090909	808.0	0.1485148514851485	12.0
IID_H195991	6:29910765	DEL	80x	True	25.50528	27.98496	0.107	939.0	0.1799787007454739	7.704
IID_H195991	X:123040996	SNP	80x	True	25.85952	27.98496	0.2054794520547945	526.0	0.15019011406844107	15.0
IID_H195992	9:139564069	SNP	30x	True	20.077199999999998	18.9618	0.16666666666666666	696.0	0.2514367816091954	6.0
IID_H195992	9:139564069	SNP	60x	True	34.5774	33.461999999999996	0.1935483870967742	696.0	0.2514367816091954	12.0
IID_H195992	9:139564069	SNP	80x	True	49.6353	44.616	0.1797752808988764	696.0	0.2514367816091954	16.0
IID_H196046	X:76875980	SNP	30x	True	13.07216503923551	17.094369666692593	0.19230769230769232	532.0	0.16541353383458646	5.0
IID_H196046	X:76875980	SNP	60x	True	20.1110231372854	30.166534705928104	0.325	532.0	0.16541353383458646	13.0
IID_H196046	X:76875980	SNP	80x	True	28.658207970631697	40.724821853002936	0.22807017543859648	532.0	0.16541353383458646	13.0
IID_H196095	1:27059188	DEL	30x	True	36.556	32.708	0.8947368421052632	643.0	0.8351477449455676	34.0
IID_H196095	1:27059188	DEL	60x	True	55.796	57.72	0.9137931034482759	643.0	0.8351477449455676	53.0
IID_H196095	1:27059188	DEL	80x	True	67.34	76.96	0.9285714285714286	643.0	0.8351477449455676	65.0
IID_H196227	16:72831869	SNP	30x	True	28.67485378980773	26.411049543243962	0.3157894736842105	502.0	0.3745019920318725	12.0
IID_H196227	16:72831869	SNP	60x	True	42.25767926919034	45.27608493127536	0.30357142857142855	502.0	0.3745019920318725	17.0
IID_H196227	16:72831869	SNP	80x	True	55.84050474857295	58.85891041065797	0.32432432432432434	502.0	0.3745019920318725	24.0
IID_H196231	13:48939053	DEL	100x	True	87.95918049993	96.755098549923	0.5444444444444444	365.0	0.4273972602739726	48.99999999999999
IID_H196231	8:70980609	SNP	100x	True	94.800450094369	96.755098549923	0.3917525773195876	1022.0	0.36203522504892366	38.0
IID_H196231	19:1220446	INS	100x	True	141.712013027665	96.755098549923	0.23448275862068965	2193.0	0.2763337893296854	34.0
IID_H196231	11:71940967	SNP	100x	True	76.231289766606	96.755098549923	0.5	1395.0	0.45806451612903226	39.0
IID_H196231	15:42003414	INS	100x	True	103.596368144362	96.755098549923	0.33962264150943394	969.0	0.4169246646026832	36.0
IID_H196231	X:47038826	SNP	100x	True	77.208613994383	96.755098549923	0.5949367088607594	1440.0	0.4701388888888889	46.99999999999999
IID_H196231	13:48939053	DEL	30x	True	35.183672199972	30.297051061087	0.5277777777777778	365.0	0.4273972602739726	19.0
IID_H196231	8:70980609	SNP	30x	True	28.342402605533	30.297051061087	0.3103448275862069	1022.0	0.36203522504892366	9.0
IID_H196231	19:1220446	INS	30x	True	52.775508299958	30.297051061087	0.2777777777777778	2193.0	0.2763337893296854	15.0
IID_H196231	11:71940967	SNP	30x	True	27.365078377756	30.297051061087	0.4642857142857143	1395.0	0.45806451612903226	13.0
IID_H196231	15:42003414	INS	30x	True	32.251699516641	30.297051061087	0.36363636363636365	969.0	0.4169246646026832	12.0
IID_H196231	X:47038826	SNP	30x	True	23.455781466648	30.297051061087	0.8333333333333334	1440.0	0.4701388888888889	20.0
IID_H196231	13:48939053	DEL	60x	True	51.798184072181	57.662129438843	0.5849056603773585	365.0	0.4273972602739726	31.0
IID_H196231	8:70980609	SNP	60x	True	55.707480983289	57.662129438843	0.3508771929824561	1022.0	0.36203522504892366	20.0
IID_H196231	19:1220446	INS	60x	True	90.891153183261	57.662129438843	0.27956989247311825	2193.0	0.2763337893296854	25.999999999999996
IID_H196231	11:71940967	SNP	60x	True	50.820859844404	57.662129438843	0.5384615384615384	1395.0	0.45806451612903226	28.0
IID_H196231	15:42003414	INS	60x	True	58.63945366662	57.662129438843	0.36666666666666664	969.0	0.4169246646026832	22.0
IID_H196231	X:47038826	SNP	60x	True	45.934238705519	57.662129438843	0.5957446808510638	1440.0	0.4701388888888889	28.0
IID_H196231	13:48939053	DEL	80x	True	65.480723261059	77.208613994383	0.5522388059701493	365.0	0.4273972602739726	37.0
IID_H196231	8:70980609	SNP	80x	True	75.25396553882901	77.208613994383	0.37662337662337664	1022.0	0.36203522504892366	29.0
IID_H196231	19:1220446	INS	80x	True	115.324258877686	77.208613994383	0.2457627118644068	2193.0	0.2763337893296854	29.0
IID_H196231	11:71940967	SNP	80x	True	64.503399033282	77.208613994383	0.5454545454545454	1395.0	0.45806451612903226	36.0
IID_H196231	15:42003414	INS	80x	True	81.117910905491	77.208613994383	0.3373493975903614	969.0	0.4169246646026832	27.999999999999996
IID_H196231	X:47038826	SNP	80x	True	62.548750577728	77.208613994383	0.59375	1440.0	0.4701388888888889	38.0
IID_H196232	11:108106512	DNP	100x	True	12.768	91.2	0.5686274509803921	365.0	0.17534246575342466	7.96078431372549
IID_H196232	13:48954337	SNP	100x	True	75.696	91.2	0.30120481927710846	543.0	0.18968692449355432	25.000000000000004
IID_H196232	X:70360646	SNP	100x	True	119.47200000000001	91.2	0.3435114503816794	480.0	0.15625	45.0
IID_H196232	11:108106512	DNP	30x	True	5.472	29.184	0.5555555555555556	365.0	0.17534246575342466	3.3333333333333335
IID_H196232	13:48954337	SNP	30x	True	26.448	29.184	0.4482758620689655	543.0	0.18968692449355432	13.0
IID_H196232	X:70360646	SNP	30x	True	42.864000000000004	29.184	0.425531914893617	480.0	0.15625	20.0
IID_H196232	11:108106512	DNP	60x	True	8.208	54.72	0.5333333333333333	365.0	0.17534246575342466	4.8
IID_H196232	13:48954337	SNP	60x	True	45.6	54.72	0.38	543.0	0.18968692449355432	19.0
IID_H196232	X:70360646	SNP	60x	True	74.784	54.72	0.2926829268292683	480.0	0.15625	24.0
IID_H196232	11:108106512	DNP	80x	True	10.944	72.048	0.5777777777777777	365.0	0.17534246575342466	6.933333333333333
IID_H196232	13:48954337	SNP	80x	True	60.192	72.048	0.36363636363636365	543.0	0.18968692449355432	24.0
IID_H196232	X:70360646	SNP	80x	True	96.672	72.048	0.33962264150943394	480.0	0.15625	36.0
